ID,Predicted
001i000000NuQ6Y,0.5
001i000000NuQXz,0.5
001i000000NuRDC,0.5
001i000000NuQeg,0.5
001i000000NuOQc,0.5
001i000000NuPjO,0.5
001i000000NuP34,0.5
001i000000NuS8R,0.5
001i000000NuQTS,0.5
001i000000NuOFe,0.5
001i000000NuNvp,0.5
001i000000NuO3e,0.5
001i000000LhyXh,0.5
001i000000NuPsu,0.5
001i000000MJzTb,0.5
001i000000Q1Y0G,0.5
001i000000NuQa8,0.5
001i000000NuPt8,0.5
001i000000NuO77,0.5
001i000000NuRGz,0.5
001i000000NuRRd,0.5
001i000000oks2Z,0.5
001i000000NuQNG,0.5
001i000000NuPUC,0.5
001i000000NuPeS,0.5
001i000000NuQGr,0.5
001i000000NuPgl,0.5
001i000000NuQaz,0.5
001i000000NuNiC,0.5
001i000000NuQ8i,0.5
001i000000NuQMI,0.5
001i000000NuRuR,0.5
001i000000NuOX3,0.5
001i000000NuP9T,0.5
001i000000NuPAE,0.5
001i000000NuNpK,0.5
001i000000NuRYX,0.5
001i000000NuO3x,0.5
001i000000NuR6z,0.5
001i000000NuOCs,0.5
001i000000NuRm0,0.5
001i000000oks2V,0.5
001i000000NuRWL,0.5
001i000000NuO9M,0.5
001i000000oks1x,0.5
001i000000NuS1j,0.5
001i000000MJzaB,0.5
001i000000NuQhR,0.5
001i000000NuOdP,0.5
001i000000NuRGr,0.5
001i000000Li951,0.5
001i000000NuPD2,0.5
001i000000LhyV6,0.5
001i000000NuOig,0.5
001i000000NuPE7,0.5
001i000000elQzC,0.5
001i000000NuQfl,0.5
001i000000NuPrY,0.5
001i000000NuOjD,0.5
001i000000NuRhn,0.5
001i000000NuOtw,0.5
001i000000NuOfX,0.5
001i000000NuRf2,0.5
001i000000NuQGW,0.5
001i000000oks1v,0.5
001i000000NuQPZ,0.5
001i000000NuPDU,0.5
001i000000NuOVK,0.5
001i000000MJzUc,0.5
001i000000NuQdK,0.5
001i000000NuNXG,0.5
001i000000NuRik,0.5
001i000000NuQmr,0.5
001i000000NuRTA,0.5
001i000000LhyYo,0.5
001i000000NuOMq,0.5
001i000000NuS49,0.5
001i000000NuQZv,0.5
001i000000em18u,0.5
001i000000Lhya5,0.5
001i000000NuOM9,0.5
001i000000MJzZr,0.5
001i000000NuQs8,0.5
001i000000NuR7Z,0.5
001i000000NuPm7,0.5
001i000000NuQbU,0.5
001i000000NuOvH,0.5
001i000000NuQpC,0.5
001i000000NuQy8,0.5
001i000000NuQuq,0.5
001i000000NuR3n,0.5
001i000000NuPVm,0.5
001i000000NuQMX,0.5
001i000000NuQRo,0.5
001i000000NuQwS,0.5
001i000000NuOjh,0.5
001i000000NuOZV,0.5
001i000000NuQkK,0.5
001i000000NuOHk,0.5
001i000000NuPtU,0.5
001i000000NuOOK,0.5
001i000000NuNhw,0.5
001i000000NuQ0t,0.5
001i000000NuRbz,0.5
001i000000NuRKn,0.5
001i000000NuQWd,0.5
001i000000NuPZE,0.5
001i000000NuR2u,0.5
001i000000MKXgt,0.5
001i000000NuPtW,0.5
001i000000NuNxv,0.5
001i000000NuQYl,0.5
001i000000NuPYg,0.5
001i000000NuQja,0.5
001i000000MJzZJ,0.5
001i000000NuPPs,0.5
001i000000NuR85,0.5
001i000000NuRWl,0.5
001i000000NuP4U,0.5
001i000000N1vW1,0.5
001i000000NuPZ9,0.5
001i000000NuOuX,0.5
001i000000NuRkY,0.5
001i000000NuPed,0.5
001i000000NuNlr,0.5
001i000000NuRLv,0.5
001i000000NuOQD,0.5
001i000000NuPTi,0.5
001i000000NuQmW,0.5
001i000000NuOZJ,0.5
001i000000NuPL1,0.5
001i000000NuPWs,0.5
001i000000NuNVg,0.5
001i000000NuOVd,0.5
001i000000NuPGw,0.5
001i000000MJzaN,0.5
001i000000NuOFm,0.5
001i000000NuPMM,0.5
001i000000NuS23,0.5
001i000000LhyaR,0.5
001i000000NuPu1,0.5
001i000000NuRFR,0.5
001i000000NuPxF,0.5
001i000000ZqfMa,0.5
001i000000NuRrl,0.5
001i000000NuROC,0.5
001i000000NuOfu,0.5
001i000000NuRyh,0.5
001i000000NuPBD,0.5
001i000000NuPkY,0.5
001i000000NuNWZ,0.5
001i000000NuQuW,0.5
001i000000NuOMB,0.5
001i000000NuRNU,0.5
001i000000NuO34,0.5
001i000000NuQ94,0.5
001i000000NuPSw,0.5
001i000000NuOn6,0.5
001i000000NuRL7,0.5
001i000000NuOjY,0.5
001i000000NuPPC,0.5
001i000000NuP1u,0.5
001i000000LhyVR,0.5
001i000000NuPjb,0.5
001i000000NuNmP,0.5
001i000000NuQwW,0.5
001i000000MJzbq,0.5
001i000000NuOjI,0.5
001i000000NuOrZ,0.5
001i000000NuPzN,0.5
001i000000NuObp,0.5
001i000000NuPcJ,0.5
001i000000NuP2v,0.5
001i000000NuPQU,0.5
001i000000NuOCz,0.5
001i000000NuS1U,0.5
001i000000LhyRX,0.5
001i000000oks3H,0.5
001i000000NuOvT,0.5
001i000000NuP9X,0.5
001i000000NuPEV,0.5
001i000000NuPob,0.5
001i000000NuQse,0.5
001i000000NuRjJ,0.5
001i000000NuPhQ,0.5
001i000000NuPb9,0.5
001i000000NuQZ7,0.5
001i000000NuPst,0.5
001i000000NuRxa,0.5
001i000000NuPqF,0.5
001i000000NuQ6u,0.5
001i000000NuRSB,0.5
001i000000NuQCq,0.5
001i000000NuQ4b,0.5
001i000000NuPok,0.5
001i000000NuO8F,0.5
001i000000NuPwQ,0.5
001i000000N1vVb,0.5
001i000000NuROq,0.5
001i000000LiKyj,0.5
001i000000NuNn6,0.5
001i000000NuRSy,0.5
001i000000NuRYo,0.5
001i000000NuRYp,0.5
001i000000NuNxm,0.5
001i000000NuR1E,0.5
001i000000NuOqM,0.5
001i000000NuREQ,0.5
001i000000NuNcP,0.5
001i000000NuPrN,0.5
001i000000NuNvV,0.5
001i000000NuQYd,0.5
001i000000NuOMA,0.5
001i000000NuP6M,0.5
001i000000NuQko,0.5
001i000000NuRh4,0.5
001i000000NuQTv,0.5
001i000000NuQD0,0.5
001i000000NuPK9,0.5
001i000000NuNsS,0.5
001i000000NuNrH,0.5
001i000000NuQqx,0.5
001i000000NuOhK,0.5
001i000000NuQGR,0.5
001i000000Lhybr,0.5
001i000000NuQL1,0.5
001i000000NuS7T,0.5
001i000000ZtB0Y,0.5
001i000000NuQtH,0.5
001i000000NuOQ0,0.5
001i000000NuQ4E,0.5
001i000000NuSoh,0.5
001i000000P3q7j,0.5
001i000000NuPfR,0.5
001i000000NuRA0,0.5
001i000000NuRMv,0.5
001i000000Li95h,0.5
001i000000NuNWh,0.5
001i000000NuR6G,0.5
001i000000NuQo1,0.5
001i000000NuO1i,0.5
001i000000NuNjT,0.5
001i000000MJzb1,0.5
001i000000NuQsF,0.5
001i000000NuQBl,0.5
001i000000NuNW5,0.5
001i000000Lhybq,0.5
001i000000NuPrl,0.5
001i000000NuQUt,0.5
001i000000NuOWE,0.5
001i000000NuQiP,0.5
001i000000NuO2X,0.5
001i000000NuPe6,0.5
001i000000NuQEE,0.5
001i000000LhyYb,0.5
001i000000NuNV4,0.5
001i000000NuQ3t,0.5
001i000000NuR9g,0.5
001i000000NuQDK,0.5
001i000000NuOJo,0.5
001i000000NuPxh,0.5
001i000000NuPcQ,0.5
001i000000NuRSc,0.5
001i000000NuNps,0.5
001i000000NuPYw,0.5
001i000000ZtAP2,0.5
001i000000NuP9N,0.5
001i000000NuOrg,0.5
001i000000NuRLI,0.5
001i000000NuPsM,0.5
001i000000NuQBa,0.5
001i000000NuQo5,0.5
001i000000NuQ5A,0.5
001i000000NuPRO,0.5
001i000000NuP8d,0.5
001i000000NuRMS,0.5
001i000000NuQcv,0.5
001i000000NuOQU,0.5
001i000000NuQfH,0.5
001i000000oks52,0.5
001i000000NuPyC,0.5
001i000000NuNYu,0.5
001i000000NuRjQ,0.5
001i000000NuNQh,0.5
001i000000NuOSN,0.5
001i000000NuQwA,0.5
001i000000NuQNC,0.5
001i000000NuP2G,0.5
001i000000LhycJ,0.5
001i000000NuOMr,0.5
001i000000NuRfw,0.5
001i000000NuQW9,0.5
001i000000NuPga,0.5
001i000000NuPPU,0.5
001i000000NuNnB,0.5
001i000000NuOvC,0.5
001i000000NuQgc,0.5
001i000000LhyX0,0.5
001i000000MKXgy,0.5
001i000000Li94O,0.5
001i000000NuOOf,0.5
001i000000NuO6F,0.5
001i000000NuQeN,0.5
001i000000NuRPp,0.5
001i000000NuOyH,0.5
001i000000NuQrp,0.5
001i000000NuOSK,0.5
001i000000NuRAN,0.5
001i000000NuPl6,0.5
001i000000NuR63,0.5
001i000000NuPiv,0.5
001i000000NuRlm,0.5
001i000000NuON6,0.5
001i000000NuQLm,0.5
001i000000NuQZ1,0.5
001i000000NuOR1,0.5
001i000000NuQLb,0.5
001i000000NuQsZ,0.5
001i000000MJzTW,0.5
001i000000NuQn0,0.5
001i000000NuS0v,0.5
001i000000NuQMi,0.5
001i000000NuPYe,0.5
001i000000NuNaP,0.5
001i000000NuR1Q,0.5
001i000000NuPGb,0.5
001i000000NuNqK,0.5
001i000000NuRig,0.5
001i000000LhyZD,0.5
001i000000NuQFs,0.5
001i000000elUQU,0.5
001i000000NuOSW,0.5
001i000000NuNgk,0.5
001i000000NuRST,0.5
001i000000NuPLM,0.5
001i000000NuOV6,0.5
001i000000NuRhw,0.5
001i000000NuPQN,0.5
001i000000LhyPF,0.5
001i000000NuRZW,0.5
001i000000MJzUk,0.5
001i000000NuP5l,0.5
001i000000NuNto,0.5
001i000000NuQNN,0.5
001i000000NuP5y,0.5
001i000000NuRjy,0.5
001i000000NuPR6,0.5
001i000000NuPsi,0.5
001i000000NuPQx,0.5
001i000000NuOE1,0.5
001i000000NuP4p,0.5
001i000000NuOFR,0.5
001i000000NuPKT,0.5
001i000000NuNYz,0.5
001i000000NuOas,0.5
001i000000NuNuv,0.5
001i000000NuP63,0.5
001i000000NuRuC,0.5
001i000000NuO9T,0.5
001i000000NuODe,0.5
001i000000NuNm8,0.5
001i000000NuP39,0.5
001i000000NuNnc,0.5
001i000000NuOHc,0.5
001i000000NuP1n,0.5
001i000000NuQtU,0.5
001i000000NuPVA,0.5
001i000000NuRip,0.5
001i000000LhySu,0.5
001i000000NuRE2,0.5
001i000000NuO0J,0.5
001i000000NuOW7,0.5
001i000000NuR88,0.5
001i000000NuR4y,0.5
001i000000NuOky,0.5
001i000000NuOxA,0.5
001i000000NuQTL,0.5
001i000000NuRPG,0.5
001i000000oks49,0.5
001i000000LhyR7,0.5
001i000000NuOiL,0.5
001i000000NuPUD,0.5
001i000000NuQAF,0.5
001i000000NuOa1,0.5
001i000000NuQrs,0.5
001i000000NuOWM,0.5
001i000000Li96N,0.5
001i000000NuP97,0.5
001i000000NuQG8,0.5
001i000000NuQWH,0.5
001i000000NuP1U,0.5
001i000000NuOxT,0.5
001i000000NuPbM,0.5
001i000000LhyXN,0.5
001i000000NuR97,0.5
001i000000NuOTT,0.5
001i000000NuR9U,0.5
001i000000NuOw7,0.5
001i000000LhyPb,0.5
001i000000NuNjr,0.5
001i000000NuOeJ,0.5
001i000000NuPnP,0.5
001i000000NuR02,0.5
001i000000NuREK,0.5
001i000000NuOK6,0.5
001i000000NuQ9T,0.5
001i000000NuQ2v,0.5
001i000000NuRP0,0.5
001i000000NuPI3,0.5
001i000000NuOrM,0.5
001i000000NuNwb,0.5
001i000000NuNnY,0.5
001i000000NuQUa,0.5
001i000000NuOIh,0.5
001i000000NuOHv,0.5
001i000000LhySc,0.5
001i000000NuR2D,0.5
001i000000NuP1e,0.5
001i000000NuO1g,0.5
001i000000NuRhP,0.5
001i000000NuSp1,0.5
001i000000NuRqF,0.5
001i000000Li94i,0.5
001i000000NuQPh,0.5
001i000000NuQjB,0.5
001i000000NuPTY,0.5
001i000000NuPEI,0.5
001i000000NuNYy,0.5
001i000000NuPZr,0.5
001i000000Li94C,0.5
001i000000NuSpJ,0.5
001i000000NuRWA,0.5
001i000000NuPhj,0.5
001i000000NuPqt,0.5
001i000000MJzVf,0.5
001i000000NuQ6y,0.5
001i000000NuOcv,0.5
001i000000NuPOS,0.5
001i000000NuRJ2,0.5
001i000000NuOct,0.5
001i000000NuP8u,0.5
001i000000NuP7s,0.5
001i000000NuQ0W,0.5
001i000000NuPbR,0.5
001i000000NuOgd,0.5
001i000000NuRtn,0.5
001i000000NuOOy,0.5
001i000000NuO1q,0.5
001i000000NuPot,0.5
001i000000NuQHf,0.5
001i000000NuPQ3,0.5
001i000000LhyPP,0.5
001i000000NuOPQ,0.5
001i000000NuQaR,0.5
001i000000NuOuD,0.5
001i000000NuQiR,0.5
001i000000NuQhQ,0.5
001i000000NuQcR,0.5
001i000000MJzVh,0.5
001i000000NuPt0,0.5
001i000000NuS1c,0.5
001i000000NuRYa,0.5
001i000000NuPo7,0.5
001i000000Lhybs,0.5
001i000000NuQD6,0.5
001i000000NuPXq,0.5
001i000000NuOwa,0.5
001i000000NuQUP,0.5
001i000000NuRkE,0.5
001i000000NuQE0,0.5
001i000000NuPlm,0.5
001i000000NuRaH,0.5
001i000000MJzUE,0.5
001i000000NuQpe,0.5
001i000000NuRac,0.5
001i000000NuOV2,0.5
001i000000NuRVe,0.5
001i000000NuO9l,0.5
001i000000em0ZK,0.5
001i000000NuQMA,0.5
001i000000NuNmk,0.5
001i000000LhyaM,0.5
001i000000NuPAT,0.5
001i000000NuPgf,0.5
001i000000NuPbn,0.5
001i000000NuNrT,0.5
001i000000Li96J,0.5
001i000000NuOvY,0.5
001i000000NuQgL,0.5
001i000000oks1L,0.5
001i000000NuOqt,0.5
001i000000NuPu2,0.5
001i000000NuRD2,0.5
001i000000NuPwh,0.5
001i000000NuOXE,0.5
001i000000NuQYS,0.5
001i000000NuRhK,0.5
001i000000NuRhH,0.5
001i000000NuR94,0.5
001i000000NuQAx,0.5
001i000000NuQhy,0.5
001i000000NuQFA,0.5
001i000000NuOfE,0.5
001i000000NuQ21,0.5
001i000000NuRRQ,0.5
001i000000NuRBb,0.5
001i000000NuO9s,0.5
001i000000NuRdG,0.5
001i000000NuPDK,0.5
001i000000NuOHQ,0.5
001i000000NuOsp,0.5
001i000000NuPNc,0.5
001i000000NuOMe,0.5
001i000000NuQDC,0.5
001i000000NuPwu,0.5
001i000000NuQcN,0.5
001i000000NuOUA,0.5
001i000000NuQYD,0.5
001i000000NuOOo,0.5
001i000000MJzX4,0.5
001i000000Q3OQS,0.5
001i000000NuNgF,0.5
001i000000NuQVt,0.5
001i000000NuOJB,0.5
001i000000NuQiV,0.5
001i000000NuQk7,0.5
001i000000NuOt3,0.5
001i000000em6xl,0.5
001i000000NuPOE,0.5
001i000000NuQdg,0.5
001i000000NuPFy,0.5
001i000000NuQ4c,0.5
001i000000NuRUH,0.5
001i000000NuNda,0.5
001i000000NuNWe,0.5
001i000000NuNp6,0.5
001i000000NuPJr,0.5
001i000000NuQHN,0.5
001i000000NuQjj,0.5
001i000000NuPsK,0.5
001i000000NuPHm,0.5
001i000000NuOBb,0.5
001i000000NuNhO,0.5
001i000000NuQIN,0.5
001i000000NuQD3,0.5
001i000000NuOV0,0.5
001i000000NuOcU,0.5
001i000000NuRdV,0.5
001i000000NuS7h,0.5
001i000000NuOFP,0.5
001i000000NuNu8,0.5
001i000000NuO8e,0.5
001i000000NuRax,0.5
001i000000NuNxU,0.5
001i000000NuQna,0.5
001i000000NuOVy,0.5
001i000000NuNlS,0.5
001i000000NuQBM,0.5
001i000000NuPbw,0.5
001i000000NuQ10,0.5
001i000000NuOk6,0.5
001i000000NuQXL,0.5
001i000000NuNtx,0.5
001i000000NuRjf,0.5
001i000000NuNVa,0.5
001i000000NuR52,0.5
001i000000NuPcM,0.5
001i000000NuOVX,0.5
001i000000NuPbk,0.5
001i000000NuPCt,0.5
001i000000NuQzK,0.5
001i000000NuNnI,0.5
001i000000NuQRh,0.5
001i000000LhyYe,0.5
001i000000NuOcG,0.5
001i000000NuQ37,0.5
001i000000NuPg6,0.5
001i000000NuPxd,0.5
001i000000NuQNM,0.5
001i000000NuO4I,0.5
001i000000NuQsM,0.5
001i000000NuPyw,0.5
001i000000NuPjt,0.5
001i000000NuR3t,0.5
001i000000NuRno,0.5
001i000000NuPdu,0.5
001i000000NuRzQ,0.5
001i000000NuO8c,0.5
001i000000LhyWV,0.5
001i000000NuOdO,0.5
001i000000NuS1b,0.5
001i000000NuPxt,0.5
001i000000NuOQr,0.5
001i000000NuOc4,0.5
001i000000NuPr3,0.5
001i000000NuQq2,0.5
001i000000NuPXJ,0.5
001i000000NuOBx,0.5
001i000000NuNhi,0.5
001i000000NuQSR,0.5
001i000000NuRzN,0.5
001i000000NuQm9,0.5
001i000000NuRnx,0.5
001i000000NuReW,0.5
001i000000NuPfO,0.5
001i000000NuQw6,0.5
001i000000NuOjM,0.5
001i000000em6nE,0.5
001i000000NuOGD,0.5
001i000000NuNmF,0.5
001i000000NuNzi,0.5
001i000000NuNpx,0.5
001i000000NuRHl,0.5
001i000000NuPny,0.5
001i000000NuPzg,0.5
001i000000NuRVb,0.5
001i000000NuOQn,0.5
001i000000NuR7s,0.5
001i000000NuNiZ,0.5
001i000000NuPrO,0.5
001i000000NuQu1,0.5
001i000000Li95l,0.5
001i000000NuSpf,0.5
001i000000NuR7j,0.5
001i000000NuO8Q,0.5
001i000000NuRUQ,0.5
001i000000MJzTQ,0.5
001i000000elRn8,0.5
001i000000NuNmi,0.5
001i000000NuPs0,0.5
001i000000NuRF1,0.5
001i000000MJzVO,0.5
001i000000NuNlj,0.5
001i000000NuOgW,0.5
001i000000NuOJF,0.5
001i000000NuPba,0.5
001i000000NuPEO,0.5
001i000000NuROH,0.5
001i000000NuR3c,0.5
001i000000NuQzF,0.5
001i000000NuP40,0.5
001i000000MJzYA,0.5
001i000000NuOqJ,0.5
001i000000NuPqR,0.5
001i000000NuQ1N,0.5
001i000000NuPx2,0.5
001i000000NuPGr,0.5
001i000000NuOfN,0.5
001i000000NuQZo,0.5
001i000000NuObg,0.5
001i000000NuQkE,0.5
001i000000NuOvv,0.5
001i000000NuQbi,0.5
001i000000NuQ5z,0.5
001i000000NuPJh,0.5
001i000000NuRGW,0.5
001i000000NuP9U,0.5
001i000000NuR2l,0.5
001i000000NuOtW,0.5
001i000000NuOYI,0.5
001i000000NuQqm,0.5
001i000000NuOPm,0.5
001i000000NuNvs,0.5
001i000000NuOsk,0.5
001i000000MJzXn,0.5
001i000000NuRM5,0.5
001i000000NuR4i,0.5
001i000000NuR4N,0.5
001i000000NuOtc,0.5
001i000000NuRJS,0.5
001i000000NuQG0,0.5
001i000000NuOxS,0.5
001i000000NuOGP,0.5
001i000000NuRTD,0.5
001i000000NuOrX,0.5
001i000000NuOM1,0.5
001i000000MJzYu,0.5
001i000000NuOpZ,0.5
001i000000NuPg0,0.5
001i000000NuRTW,0.5
001i000000NuRT7,0.5
001i000000oks3K,0.5
001i000000NuOof,0.5
001i000000NuQwm,0.5
001i000000NuQF1,0.5
001i000000NuQff,0.5
001i000000NuQJj,0.5
001i000000MJzVd,0.5
001i000000NuQDX,0.5
001i000000LhyQx,0.5
001i000000NuPPz,0.5
001i000000NuPpY,0.5
001i000000NuPNs,0.5
001i000000NuOau,0.5
001i000000NuONb,0.5
001i000000NuRyA,0.5
001i000000LhyRE,0.5
001i000000NuQ4U,0.5
001i000000oks3E,0.5
001i000000NuQPC,0.5
001i000000NuPbC,0.5
001i000000NuO5l,0.5
001i000000NuREo,0.5
001i000000NuPDV,0.5
001i000000NuPyY,0.5
001i000000NuNtH,0.5
001i000000NuNhV,0.5
001i000000NuOYo,0.5
001i000000NuQSZ,0.5
001i000000NuQTx,0.5
001i000000NuP8I,0.5
001i000000NuQDo,0.5
001i000000NuRRU,0.5
001i000000NuNE1,0.5
001i000000NuO2L,0.5
001i000000NuPNU,0.5
001i000000NuRay,0.5
001i000000NuRey,0.5
001i000000NuOtu,0.5
001i000000NuQkn,0.5
001i000000NuNg5,0.5
001i000000NuRAu,0.5
001i000000em0XO,0.5
001i000000ZtRoA,0.5
001i000000NuNXx,0.5
001i000000NuQy6,0.5
001i000000NuNmh,0.5
001i000000NuNqP,0.5
001i000000NuOmi,0.5
001i000000NuRb5,0.5
001i000000NuPoI,0.5
001i000000NuPp8,0.5
001i000000NuQc7,0.5
001i000000NuQk9,0.5
001i000000NuQ3F,0.5
001i000000NuOEu,0.5
001i000000NuP6Q,0.5
001i000000NuOr0,0.5
001i000000NuRHQ,0.5
001i000000LhyQ5,0.5
001i000000NuQtQ,0.5
001i000000NuPN6,0.5
001i000000NuORL,0.5
001i000000NuPhm,0.5
001i000000NuQwf,0.5
001i000000NuRTh,0.5
001i000000NuRm4,0.5
001i000000NuOiv,0.5
001i000000NuO7u,0.5
001i000000NuODi,0.5
001i000000NuPjN,0.5
001i000000NuO4y,0.5
001i000000NuQ3h,0.5
001i000000NuRLq,0.5
001i000000NuPuN,0.5
001i000000NuRc8,0.5
001i000000NuPdQ,0.5
001i000000NuRUW,0.5
001i000000NuNjZ,0.5
001i000000MJzUs,0.5
001i000000NuOSp,0.5
001i000000NuPWh,0.5
001i000000NuQsu,0.5
001i000000NuPDm,0.5
001i000000NuR5G,0.5
001i000000NuOYP,0.5
001i000000NuP6v,0.5
001i000000NuOE5,0.5
001i000000NuPy6,0.5
001i000000NuQ4s,0.5
001i000000LhyXU,0.5
001i000000NuQzG,0.5
001i000000NuQMa,0.5
001i000000NuNnr,0.5
001i000000NuOgG,0.5
001i000000NuPgR,0.5
001i000000NuQpa,0.5
001i000000NuNnq,0.5
001i000000NuQNg,0.5
001i000000NuOK3,0.5
001i000000NuRQF,0.5
001i000000NuOQm,0.5
001i000000NuRei,0.5
001i000000NuOiS,0.5
001i000000NuRVm,0.5
001i000000NuQ1D,0.5
001i000000NuRRW,0.5
001i000000NuQwX,0.5
001i000000NuQ4A,0.5
001i000000NuNib,0.5
001i000000NuNXo,0.5
001i000000NuOAf,0.5
001i000000NuOJa,0.5
001i000000NuP53,0.5
001i000000NuPXh,0.5
001i000000MJzaR,0.5
001i000000NuO84,0.5
001i000000LhyTx,0.5
001i000000NuPwt,0.5
001i000000NuP3G,0.5
001i000000NuRjE,0.5
001i000000NuQ8r,0.5
001i000000Li94u,0.5
001i000000NuR1H,0.5
001i000000NuQbx,0.5
001i000000NuRSs,0.5
001i000000NuQdw,0.5
001i000000NuOMI,0.5
001i000000NuS0b,0.5
001i000000NuQrQ,0.5
001i000000NuPKw,0.5
001i000000MJzaf,0.5
001i000000NuQmo,0.5
001i000000NuPtn,0.5
001i000000NuQ7f,0.5
001i000000oks50,0.5
001i000000NuNVT,0.5
001i000000NuOd5,0.5
001i000000NuR40,0.5
001i000000NuQMb,0.5
001i000000NuQvh,0.5
001i000000NuNlT,0.5
001i000000NuNcZ,0.5
001i000000NuPC3,0.5
001i000000MJzUC,0.5
001i000000NuQhA,0.5
001i000000NuR5s,0.5
001i000000NuNvN,0.5
001i000000NuQMY,0.5
001i000000NuNhK,0.5
001i000000NuOON,0.5
001i000000NuRD9,0.5
001i000000NuOC2,0.5
001i000000NuRiw,0.5
001i000000NuQap,0.5
001i000000LhyQ7,0.5
001i000000NuPbm,0.5
001i000000NuNmV,0.5
001i000000NuPWV,0.5
001i000000NuQa7,0.5
001i000000NuQeF,0.5
001i000000NuS89,0.5
001i000000NuRJM,0.5
001i000000LhyYB,0.5
001i000000NuOtU,0.5
001i000000NuP1J,0.5
001i000000NuOK8,0.5
001i000000NuP3L,0.5
001i000000NuQO1,0.5
001i000000NuPT3,0.5
001i0000018979H,0.5
001i000000NuP13,0.5
001i000000NuPbF,0.5
001i000000NuQ3g,0.5
001i000000NuNct,0.5
001i000000NuP1g,0.5
001i000000NuQrc,0.5
001i000000Lhybi,0.5
001i000000NuPgO,0.5
001i000000MJzUF,0.5
001i000000NuQe4,0.5
001i000000elRf2,0.5
001i000000NuOXR,0.5
001i000000NuNaU,0.5
001i000000NuPs3,0.5
001i000000NuQ8J,0.5
001i000000em8wv,0.5
001i000000NuQyG,0.5
001i000000NuOVv,0.5
001i000000NuOnp,0.5
001i000000NuOtV,0.5
001i000000NuPkl,0.5
001i000000NuNa9,0.5
001i000000NuR3F,0.5
001i000000NuO7a,0.5
001i000000NuQss,0.5
001i000000NuOLd,0.5
001i000000LhyQl,0.5
001i000000NuRdY,0.5
001i000000NuOpD,0.5
001i000000NuQKu,0.5
001i000000NuNVs,0.5
001i000000NuRS3,0.5
001i000000NuPqh,0.5
001i000000NuPQ0,0.5
001i000000NuRwu,0.5
001i000000NuRJJ,0.5
001i000000oks3P,0.5
001i000000NuNUT,0.5
001i000000NuOOe,0.5
001i000000oks4k,0.5
001i000000NuPah,0.5
001i000000NuOjt,0.5
001i000000NuNml,0.5
001i000000NuQ3P,0.5
001i000000NuQ6d,0.5
001i000000LhyVs,0.5
001i000000NuQFV,0.5
001i000000NuOrr,0.5
001i000000NuRs7,0.5
001i000000NuPLl,0.5
001i000000NuODT,0.5
001i000000NuOkS,0.5
001i000000oks3v,0.5
001i000000NuRC4,0.5
001i000000NuRIw,0.5
001i000000NuQBy,0.5
001i000000Li94Q,0.5
001i000000LhyUE,0.5
001i000000NuO01,0.5
001i000000NuRln,0.5
001i000000NuNze,0.5
001i000000NuPMq,0.5
001i000000NuO3d,0.5
001i000000NuQt0,0.5
001i000000Lhyc8,0.5
001i000000NuO7E,0.5
001i000000NuOqA,0.5
001i000000NuPkU,0.5
001i000000NuNuI,0.5
001i000000NuPDX,0.5
001i000000NuRUz,0.5
001i000000NuPqE,0.5
001i000000NuQ84,0.5
001i000000NuR7Q,0.5
001i000000NuO7e,0.5
001i000000NuQIn,0.5
001i000000NuPDO,0.5
001i000000NuPPj,0.5
001i000000NuPuw,0.5
001i000000NuQPp,0.5
001i000000NuNXe,0.5
001i000000NuQbr,0.5
001i000000NuP7m,0.5
001i000000NuQWJ,0.5
001i000000NuQwh,0.5
001i000000NuQZT,0.5
001i000000LhyQu,0.5
001i000000NuPT6,0.5
001i000000NuQ4w,0.5
001i000000NuNvX,0.5
001i000000NuQGS,0.5
001i000000LhydV,0.5
001i000000NuRsp,0.5
001i000000NuOPA,0.5
001i000000NuQyV,0.5
001i000000NuOyr,0.5
001i000000NuRZP,0.5
001i000000NuPNx,0.5
001i000000NuR6u,0.5
001i000000LhyYX,0.5
001i000000NuOqH,0.5
001i000000NuPIZ,0.5
001i000000NuPbA,0.5
001i000000NuRRK,0.5
001i000000NuOO8,0.5
001i000000NuPCD,0.5
001i000000NuOVu,0.5
001i000000NuQKA,0.5
001i000000NuR3S,0.5
001i000000NuOD4,0.5
001i000000NuPxY,0.5
001i000000NuNv2,0.5
001i000000NuRw2,0.5
001i000000NuNUB,0.5
001i000000NuNf2,0.5
001i000000NuQo8,0.5
001i000000NuPdV,0.5
001i000000NuP93,0.5
001i000000NuRtU,0.5
001i000000NuRif,0.5
001i000000NuPyR,0.5
001i000000NuOe1,0.5
001i000000NuRkj,0.5
001i000000NuRA7,0.5
001i000000NuPQg,0.5
001i000000NuS0Q,0.5
001i000000NuPAL,0.5
001i000000NuQWt,0.5
001i000000NuPPQ,0.5
001i000000NuPPE,0.5
001i000000NuQas,0.5
001i000000NuQ5I,0.5
001i000000NuRXR,0.5
001i000000NuPuo,0.5
001i000000NuNWI,0.5
001i000000NuOMl,0.5
001i000000NuPuD,0.5
001i000000NuNea,0.5
001i000000NuNoA,0.5
001i000000NuQeL,0.5
001i000000NuPYU,0.5
001i000000NuO7Y,0.5
001i000000NuQCX,0.5
001i000000MJzas,0.5
001i000000NuPrn,0.5
001i000000haw61,0.5
001i000000MJzZu,0.5
001i000000NuRG3,0.5
001i000000NuPfw,0.5
001i000000NuNo8,0.5
001i000000LhyWw,0.5
001i000000NuP8c,0.5
001i000000NuOv5,0.5
001i000000NuRg9,0.5
001i000000NuQPP,0.5
001i000000NuNwQ,0.5
001i000000NuOjw,0.5
001i000000NuSqD,0.5
001i000000NuPAg,0.5
001i000000Li94q,0.5
001i000000NuOHU,0.5
001i000000NuRE7,0.5
001i000000MJza2,0.5
001i000000NuRON,0.5
001i000000NuOB8,0.5
001i000000NuQjS,0.5
001i000000NuOfM,0.5
001i000000LhyQG,0.5
001i000000NuNjk,0.5
001i000000NuRNw,0.5
001i000000NuNVJ,0.5
001i000000LhyVL,0.5
001i000000NuRcu,0.5
001i000000MJzTc,0.5
001i000000NuQh6,0.5
001i000000NuNtt,0.5
001i000000NuNZw,0.5
001i000000NuQxW,0.5
001i000000NuOlO,0.5
001i000000NuQ6v,0.5
001i000000NuRbN,0.5
001i000000LhyS8,0.5
001i000000NuRSS,0.5
001i000000NuQqn,0.5
001i000000NuOWs,0.5
001i000000NuROt,0.5
001i000000NuQic,0.5
001i000000em0vM,0.5
001i000000NuRrX,0.5
001i000000NuRtN,0.5
001i000000oks1d,0.5
001i000000NuRrG,0.5
001i000000NuPNr,0.5
001i000000NuRPi,0.5
001i000000NuQTX,0.5
001i000000NuOWq,0.5
001i000000LhyYz,0.5
001i000000NuOrw,0.5
001i000000NuOqL,0.5
001i000000NuQwx,0.5
001i000000NuOMw,0.5
001i000000NuPYN,0.5
001i000000NuRnN,0.5
001i000000Lhyd2,0.5
001i000000NuR6m,0.5
001i000000NuNzp,0.5
001i000000NuPXy,0.5
001i000000NuRZF,0.5
001i000000NuRUd,0.5
001i000000NuRqO,0.5
001i000000NuOKq,0.5
001i000000aSQuD,0.5
001i000000NuNmR,0.5
001i000000NuQPM,0.5
001i000000NuRsQ,0.5
001i000000NuPED,0.5
001i000000NuNtI,0.5
001i000000NuPOT,0.5
001i000000LhyTI,0.5
001i000000Lhycm,0.5
001i000000NuNy4,0.5
001i000000MJzTq,0.5
001i000000NuQXG,0.5
001i000000NuP23,0.5
001i000000NuQxM,0.5
001i000000NuRy0,0.5
001i000000NuOue,0.5
001i000000NuOBY,0.5
001i000000NuRaq,0.5
001i000000NuQ5d,0.5
001i000000NuPsp,0.5
001i000000NuRc4,0.5
001i000000em6vD,0.5
001i000000NuPKF,0.5
001i000000NuQj2,0.5
001i000000NuRqD,0.5
001i000000NuNYL,0.5
001i000000NuPcP,0.5
001i000000NuP6S,0.5
001i000000NuNxw,0.5
001i000000Lhydc,0.5
001i000000NuPuk,0.5
001i000000NuPOA,0.5
001i000000NuQii,0.5
001i000000NuRyY,0.5
001i000000NuRPR,0.5
001i000000NuP5z,0.5
001i000000NuQqf,0.5
001i000000NuPqa,0.5
001i000000NuQQx,0.5
001i000000NuNW4,0.5
001i000000NuQFG,0.5
001i000000NuQv8,0.5
001i000000NuO1Z,0.5
001i000000NuRCQ,0.5
001i000000NuP4n,0.5
001i000000NuRq1,0.5
001i000000NuOsL,0.5
001i000000NuRbc,0.5
001i000000NuO7i,0.5
001i000000NuO0x,0.5
001i000000em09q,0.5
001i000000NuNgr,0.5
001i000000NuRgo,0.5
001i000000NuPyk,0.5
001i000000NuQb7,0.5
001i000000NuRue,0.5
001i000000NuRh9,0.5
001i000000NuOya,0.5
001i000000NuOxM,0.5
001i000000NuQUN,0.5
001i000000NuOr6,0.5
001i000000NuQJ7,0.5
001i000000NuNtO,0.5
001i000000NuNRj,0.5
001i000000NuRbi,0.5
001i000000NuR26,0.5
001i000000NuNaF,0.5
001i000000NuRXE,0.5
001i000000NuRPB,0.5
001i000000NuPH5,0.5
001i000000NuRlW,0.5
001i000000NuOM5,0.5
001i000000NuPDe,0.5
001i000000NuOCZ,0.5
001i000000NuREi,0.5
001i000000NuRTV,0.5
001i000000NuOWQ,0.5
001i000000NuPJ4,0.5
001i000000NuOLa,0.5
001i000000NuOfK,0.5
001i000000NuPs5,0.5
001i000000LhyZf,0.5
001i000000NuQWK,0.5
001i000000NuPO0,0.5
001i000000NuPzy,0.5
001i000000NuPKA,0.5
001i000000NuPgF,0.5
001i000000NuPHz,0.5
001i000000NuPRy,0.5
001i000000em8wC,0.5
001i000000NuRRP,0.5
001i000000NuPAx,0.5
001i000000NuRVP,0.5
001i000000c29Oo,0.5
001i000000NuRJt,0.5
001i000000NuOY8,0.5
001i000000NuOBD,0.5
001i000000NuNcl,0.5
001i000000NuQTH,0.5
001i000000NuQiD,0.5
001i000000NuRKS,0.5
001i000000NuOtf,0.5
001i000000NuRcf,0.5
001i000000NuRer,0.5
001i000000NuQIe,0.5
001i000000NuP4v,0.5
001i000000NuQXd,0.5
001i000000oks4b,0.5
001i000000NuQDB,0.5
001i000000NuP3k,0.5
001i000000NuNkC,0.5
001i000000NuPpG,0.5
001i000000NuQBt,0.5
001i000000NuR8d,0.5
001i000000NuQMf,0.5
001i000000NuQq1,0.5
001i000000MKXgv,0.5
001i000000NuOmq,0.5
001i000000NuPw5,0.5
001i000000NuOAI,0.5
001i000000NuQL6,0.5
001i000000NuQdQ,0.5
001i000000LhybN,0.5
001i000000NuQS2,0.5
001i000000NuONc,0.5
001i000000NuRmG,0.5
001i000000NuPKV,0.5
001i000000NuOUt,0.5
001i000000NuOAv,0.5
001i000000NuOFL,0.5
001i000000NuPyu,0.5
001i000000NuOcW,0.5
001i000000NuOBP,0.5
001i000000NuPOs,0.5
001i000000NuQbm,0.5
001i000000NuPc4,0.5
001i000000NuPVS,0.5
001i000000NuOBc,0.5
001i000000NuRYJ,0.5
001i000000NuPdv,0.5
001i000000NuPXY,0.5
001i000000aSCda,0.5
001i000000NuO2k,0.5
001i000000NuOuv,0.5
001i000000Lhych,0.5
001i000000Lhydq,0.5
001i000000NuPlH,0.5
001i000000NuOj7,0.5
001i000000NuOHt,0.5
001i000000NuOVc,0.5
001i000000NuPKy,0.5
001i000000NuOi3,0.5
001i000000NuQkZ,0.5
001i000000NuRpN,0.5
001i000000NuRkI,0.5
001i000000NuPU3,0.5
001i000000NuPNH,0.5
001i000000NuPHG,0.5
001i000000NuP6W,0.5
001i000000NuPak,0.5
001i000000NuQLp,0.5
001i000000NuNlQ,0.5
001i000000NuPjW,0.5
001i000000NuQjb,0.5
001i000000N1vVr,0.5
001i000000NuNhS,0.5
001i000000NuOj0,0.5
001i000000NuQ6c,0.5
001i000000NuOQ9,0.5
001i000000NuP5S,0.5
001i000000NuPCj,0.5
001i000000NuPpk,0.5
001i000000NuO8r,0.5
001i000000NuNtj,0.5
001i000000em8uG,0.5
001i000000NuRoY,0.5
001i000000Lhyau,0.5
001i000000NuPBo,0.5
001i000000NuPdy,0.5
001i000000NuRAt,0.5
001i000000NuPp5,0.5
001i000000LhyXV,0.5
001i000000NuOPj,0.5
001i000000NuOy4,0.5
001i000000NuPKi,0.5
001i000000NuS6L,0.5
001i000000NuQa9,0.5
001i000000MJzW4,0.5
001i000000NuRPJ,0.5
001i000000NuP5C,0.5
001i000000NuOtK,0.5
001i000000NuODr,0.5
001i000000LhyQ6,0.5
001i000000NuO9I,0.5
001i000000NuNWO,0.5
001i000000NuPuL,0.5
001i000000NuPGx,0.5
001i000000NuOSD,0.5
001i000000LhyRt,0.5
001i000000NuRnC,0.5
001i000000NuO7A,0.5
001i000000NuR8g,0.5
001i000000NuQD2,0.5
001i000000MJzZY,0.5
001i000000NuQos,0.5
001i000000NuR2v,0.5
001i000000NuNbo,0.5
001i000000NuS1p,0.5
001i000000MJzZd,0.5
001i000000NuOrx,0.5
001i000000NuRlv,0.5
001i000000NuNwj,0.5
001i000000NuODY,0.5
001i000000NuRSm,0.5
001i000000NuQqO,0.5
001i000000NuROS,0.5
001i000000MJzYp,0.5
001i000000NuPQW,0.5
001i000000NuNo4,0.5
001i000000NuQBd,0.5
001i000000NuPvs,0.5
001i000000LhyU9,0.5
001i000000NuRg7,0.5
001i000000NuQO3,0.5
001i000000NuP5X,0.5
001i000000NuPO9,0.5
001i000000NuNco,0.5
001i000000NuQDz,0.5
001i000000NuNl6,0.5
001i000000NuPGV,0.5
001i000000NuPmG,0.5
001i000000NuO5V,0.5
001i000000LhyaE,0.5
001i000000NuPQH,0.5
001i000000NuQYe,0.5
001i000000NuOqo,0.5
001i000000NuRJv,0.5
001i000000NuQZE,0.5
001i000000NuPjy,0.5
001i000000aSAb5,0.5
001i000000NuReP,0.5
001i000000NuONe,0.5
001i000000NuORp,0.5
001i000000NuOAx,0.5
001i000000NuPWx,0.5
001i000000NuNoW,0.5
001i000000NuQLh,0.5
001i000000c296j,0.5
001i000000LhyVP,0.5
001i000000NuOd0,0.5
001i000000NuQCb,0.5
001i000000NuRW3,0.5
001i000000LhyUH,0.5
001i000000NuNfa,0.5
001i000000LhyZN,0.5
001i000000NuNyd,0.5
001i000000NuNiq,0.5
001i000000NuO5B,0.5
001i000000NuPKK,0.5
001i000000NuPbd,0.5
001i000000NuQlZ,0.5
001i000000MJzWU,0.5
001i000000Lhydy,0.5
001i000000NuPRu,0.5
001i000000NuNjv,0.5
001i000000NuOaR,0.5
001i000000LhyT8,0.5
001i000000MJzTH,0.5
001i000000NuPZn,0.5
001i000000NuRD3,0.5
001i000000NuQs2,0.5
001i000000NuRVB,0.5
001i000000NuNqz,0.5
001i000000NuRN9,0.5
001i000000NuNyK,0.5
001i000000NuO3i,0.5
001i000000NuP3f,0.5
001i000000NuQno,0.5
001i000000NuOr3,0.5
001i000000NuO3K,0.5
001i000000NuOjK,0.5
001i000000NuOLW,0.5
001i000000NuPOH,0.5
001i000000NuR4n,0.5
001i000000NuOOX,0.5
001i000000NuPES,0.5
001i000000NuRDi,0.5
001i000000NuRJE,0.5
001i000000NuRX9,0.5
001i000000NuPwc,0.5
001i000000LhydG,0.5
001i000000NuP6l,0.5
001i000000NuQTK,0.5
001i000000Lhyas,0.5
001i000000NuPu3,0.5
001i000000NuP9W,0.5
001i000000MJzWG,0.5
001i000000NuPta,0.5
001i000000NuNav,0.5
001i000000NuRNa,0.5
001i000000NuOxd,0.5
001i000000NuRoc,0.5
001i000000NuOT8,0.5
001i000000NuQGI,0.5
001i000000NuPGR,0.5
001i000000NuOv4,0.5
001i000000NuNso,0.5
001i000000NuP67,0.5
001i000000NuO3r,0.5
001i000000NuNXT,0.5
001i000000NuQsA,0.5
001i000000NuQe0,0.5
001i000000NuQHT,0.5
001i000000NuR33,0.5
001i000000NuRrA,0.5
001i000000NuOh7,0.5
001i000000NuNcB,0.5
001i000000NuOka,0.5
001i000000NuQ33,0.5
001i000000NuPpU,0.5
001i000000NuQG3,0.5
001i000000NuQ2k,0.5
001i000000NuPkg,0.5
001i000000NuRg1,0.5
001i000000NuR9F,0.5
001i000000NuQZ4,0.5
001i000000NuOVM,0.5
001i000000NuQRb,0.5
001i000000NuONH,0.5
001i000000NuPMh,0.5
001i000000NuP1t,0.5
001i000000NuQ8D,0.5
001i000000NuOVp,0.5
001i000000NuPyD,0.5
001i000000NuQu4,0.5
001i000000NuOuk,0.5
001i000000NuO0Y,0.5
001i000000NuRef,0.5
001i000000NuNbq,0.5
001i000000NuRMI,0.5
001i000000NuNuV,0.5
001i000000LhyTa,0.5
001i000000N1vVf,0.5
001i000000NuPgs,0.5
001i000000NuPC1,0.5
001i000000NuORK,0.5
001i000000MJzV2,0.5
001i000000MJzUH,0.5
001i000000NuNS9,0.5
001i000000MJzZe,0.5
001i000000NuNy2,0.5
001i000000NuOV5,0.5
001i000000NuQLr,0.5
001i000000NuQPV,0.5
001i000000NuRLS,0.5
001i000000NuNhc,0.5
001i000000LhyYh,0.5
001i000000NuRa2,0.5
001i000000NuOIF,0.5
001i000000NuOPU,0.5
001i000000NuQyT,0.5
001i000000NuSow,0.5
001i000000NuR37,0.5
001i000000NuR7C,0.5
001i000000NuNoq,0.5
001i000000NuP5V,0.5
001i000000NuOv9,0.5
001i000000NuQJy,0.5
001i000000NuPyn,0.5
001i000000slXqy,0.5
001i000000NuR9t,0.5
001i000000NuQXs,0.5
001i000000P3RYp,0.5
001i000000NuQtI,0.5
001i000000NuR4U,0.5
001i000000NuOPY,0.5
001i000000NuRyz,0.5
001i000000NuPZD,0.5
001i000000NuQcH,0.5
001i000000NuQl6,0.5
001i000000NuOEd,0.5
001i000000NuS8K,0.5
001i000000NuQs9,0.5
001i0000017bU6I,0.5
001i000000NuRXC,0.5
001i000000NuRin,0.5
001i000000NuR5c,0.5
001i000000NuOcA,0.5
001i000000MKXh9,0.5
001i000000NuOSR,0.5
001i000000MJzaz,0.5
001i000000LhybT,0.5
001i000000NuRG8,0.5
001i000000MJzWu,0.5
001i000000NuPIr,0.5
001i000000LhyPG,0.5
001i000000NuPiZ,0.5
001i000000NuPZA,0.5
001i000000NuRRO,0.5
001i000000MJzY7,0.5
001i000000NuRXv,0.5
001i000000NuO5x,0.5
001i000000NuNkH,0.5
001i000000NuPoa,0.5
001i000000NuQLk,0.5
001i000000NuRat,0.5
001i000000NuRR1,0.5
001i000000NuOkV,0.5
001i000000ZuXlS,0.5
001i000000NuPbc,0.5
001i000000NuQ7w,0.5
001i000000NuQp2,0.5
001i000000NuNgW,0.5
001i000000NuRXA,0.5
001i000000NuQHC,0.5
001i0000017AZ6N,0.5
001i000000NuQ24,0.5
001i000000NuNmK,0.5
001i000000NuR2Z,0.5
001i000000NuPIO,0.5
001i000000NuOx6,0.5
001i000000MJzYf,0.5
001i000000NuPwb,0.5
001i000000NuRbb,0.5
001i000000NuPBg,0.5
001i000000NuQJX,0.5
001i000000LhycZ,0.5
001i000000NuRVx,0.5
001i000000NuOyA,0.5
001i000000Y0Lnj,0.5
001i000000LhySt,0.5
001i000000MJzXr,0.5
001i000000NuOaL,0.5
001i000000NuQgA,0.5
001i000000NuNtg,0.5
001i000000NuR5V,0.5
001i000000NuO6b,0.5
001i000000MJzUY,0.5
001i000000NuOnC,0.5
001i000000NuRLN,0.5
001i000000NuQRa,0.5
001i000000NuPUK,0.5
001i000000NuOsQ,0.5
001i000000NuPQu,0.5
001i000000NuRha,0.5
001i000000NuOga,0.5
001i000000NuRgP,0.5
001i000000NuRVZ,0.5
001i000000NuRs0,0.5
001i000000NuNd8,0.5
001i000000NuOWZ,0.5
001i000000NuQ2w,0.5
001i000000NuQRU,0.5
001i000000NuO1n,0.5
001i000000LhycV,0.5
001i000000NuQCQ,0.5
001i000000NuRTj,0.5
001i000000NuNzI,0.5
001i000000NuRdJ,0.5
001i000000NuQUg,0.5
001i000000NuOEc,0.5
001i000000NuRHq,0.5
001i000000NuPQV,0.5
001i000000NuQWe,0.5
001i000000NuOqc,0.5
001i000000NuPtl,0.5
001i000000NuQX9,0.5
001i000000NuO93,0.5
001i000000NuO8Y,0.5
001i000000LhyY2,0.5
001i000000NuPUI,0.5
001i000000NuQTG,0.5
001i000000LiKyi,0.5
001i000000NuQb2,0.5
001i000000NuPvb,0.5
001i000000NuP7v,0.5
001i000000NuP4k,0.5
001i000000LhycG,0.5
001i000000NuP7n,0.5
001i000000NuP9D,0.5
001i000000NuOKr,0.5
001i000000NuQRI,0.5
001i000000LhyW3,0.5
001i000000q7wAW,0.5
001i000000NuOgA,0.5
001i000000NuRNW,0.5
001i000000NuO04,0.5
001i000000NuOKB,0.5
001i000000NuRr0,0.5
001i000000NuQYk,0.5
001i000000LhybK,0.5
001i000000NuPe3,0.5
001i000000NuQ9L,0.5
001i000000MKXgf,0.5
001i000000NuOot,0.5
001i000000NuOc9,0.5
001i000000NuS6N,0.5
001i000000NuOp9,0.5
001i000000NuOaY,0.5
001i000000NuOCp,0.5
001i000000NuQob,0.5
001i000000NuO1b,0.5
001i000000NuS3W,0.5
001i000000NuPqc,0.5
001i000000NuR1F,0.5
001i000000NuNpA,0.5
001i000000NuQ4y,0.5
001i000000NuPmM,0.5
001i000000NuRYF,0.5
001i000000NuOpS,0.5
001i000000NuPK2,0.5
001i000000NuPnF,0.5
001i000000NuQUT,0.5
001i000000LhyQ3,0.5
001i000000NuRlA,0.5
001i000000NuPVx,0.5
001i000000NuPnA,0.5
001i000000Lhya0,0.5
001i000000NuNbJ,0.5
001i000000NuR5J,0.5
001i000000NuNdM,0.5
001i000000NuOGo,0.5
001i000000NuOMj,0.5
001i000000NuG9K,0.5
001i000000NuR6s,0.5
001i000000NuORV,0.5
001i000000NuQlQ,0.5
001i000000NuQQP,0.5
001i000000NuRHt,0.5
001i000000NuOeB,0.5
001i000000LhyPm,0.5
001i000000NuOyh,0.5
001i000000NuRDd,0.5
001i000000NuRKR,0.5
001i000000NuQsb,0.5
001i000000NuPE8,0.5
001i000000NuRMB,0.5
001i000000NuPku,0.5
001i000000oks33,0.5
001i000000NuOUR,0.5
001i000000NuRU1,0.5
001i000000NuQkY,0.5
001i000000NuQTt,0.5
001i000000NuQw1,0.5
001i000000NuRmU,0.5
001i000000em8pV,0.5
001i000000NuOtH,0.5
001i000000NuO1W,0.5
001i000000NuR3G,0.5
001i000000NuQ7S,0.5
001i000000NuRMC,0.5
001i000000NuO0p,0.5
001i000000NuQGn,0.5
001i000000NuPsn,0.5
001i000000NuOS1,0.5
001i000000NuPyA,0.5
001i000000NuO7p,0.5
001i000000LhyS7,0.5
001i000000NuNne,0.5
001i000000NuO5O,0.5
001i000000NuPHX,0.5
001i000000NuRfe,0.5
001i000000NuRk2,0.5
001i000000MJza5,0.5
001i000000NuR8R,0.5
001i000000NuRWN,0.5
001i000000NuPZc,0.5
001i000000NuQsx,0.5
001i000000NuRpf,0.5
001i000000NuS0j,0.5
001i000000NuQBo,0.5
001i000000oks47,0.5
001i000000Li961,0.5
001i000000NuOGR,0.5
001i000000NuQS8,0.5
001i000000NuROJ,0.5
001i000000NuQlv,0.5
001i000000NuQWS,0.5
001i000000MJzTy,0.5
001i000000NuPLv,0.5
001i000000NuQNH,0.5
001i000000NuPtB,0.5
001i000000LhyVo,0.5
001i000000NuOQW,0.5
001i000000NuNzt,0.5
001i000000NuNns,0.5
001i000000NuNaq,0.5
001i000000NuP32,0.5
001i000000NuQnZ,0.5
001i000000NuQdf,0.5
001i000000NuQmQ,0.5
001i000000MJzWO,0.5
001i000000NuQLU,0.5
001i000000NuP79,0.5
001i000000NuNVX,0.5
001i000000NuNqx,0.5
001i000000NuQZq,0.5
001i000000Lhydp,0.5
001i000000MKXgh,0.5
001i000000cEtsj,0.5
001i000000LhyZS,0.5
001i000000NuPGi,0.5
001i000000NuO4H,0.5
001i000000oks1h,0.5
001i000000NuNYb,0.5
001i000000NuOwn,0.5
001i000000NuQkj,0.5
001i000000NuQoO,0.5
001i000000NuOaf,0.5
001i000000NuQmn,0.5
001i000000NuP68,0.5
001i000000NuPr9,0.5
001i000000NuPPv,0.5
001i000000NuOrd,0.5
001i000000NuPyB,0.5
001i000000NuQDp,0.5
001i000000NuPAs,0.5
001i000000NuQek,0.5
001i000000NuNoC,0.5
001i000000NuPTd,0.5
001i000000NuPni,0.5
001i000000MJzUd,0.5
001i000000NuRVF,0.5
001i000000NuOh5,0.5
001i000000NuNe3,0.5
001i000000NuO0F,0.5
001i000000NuPPl,0.5
001i000000NuRYW,0.5
001i000000NuS98,0.5
001i000000NuOmI,0.5
001i000000LhyZR,0.5
001i000000NuOCq,0.5
001i000000NuPoq,0.5
001i000000NuODE,0.5
001i000000oks40,0.5
001i000000NuNj2,0.5
001i000000NuOAa,0.5
001i000000NuPfB,0.5
001i000000MJzWJ,0.5
001i000000NuRSM,0.5
001i000000NuQQz,0.5
001i000000NuQar,0.5
001i000000LhySA,0.5
001i000000NuRl8,0.5
001i000000NuOI0,0.5
001i000000NuOLx,0.5
001i000000elapN,0.5
001i000000NuOJm,0.5
001i000000NuOVA,0.5
001i000000NuNt3,0.5
001i000000NuS0S,0.5
001i000000NuPPR,0.5
001i000000NuNpN,0.5
001i000000NuP9O,0.5
001i000000NuO0T,0.5
001i000000NuOLy,0.5
001i000000NuOz8,0.5
001i000000NuPLh,0.5
001i000000elRdp,0.5
001i000000NuRCl,0.5
001i000000NuPUo,0.5
001i000000NuOFa,0.5
001i000000NuPai,0.5
001i000000NuPyT,0.5
001i000000NuRhj,0.5
001i000000NuQhl,0.5
001i000000NuREO,0.5
001i000000NuNtq,0.5
001i000000LhyTr,0.5
001i000000NuOEK,0.5
001i000000NuOee,0.5
001i000000NuR9v,0.5
001i000000NuOiR,0.5
001i000000NuRF4,0.5
001i000000NuOOT,0.5
001i000000NuOUS,0.5
001i000000NuRKu,0.5
001i000000NuPiT,0.5
001i000000NuOPE,0.5
001i000000NuR0z,0.5
001i000000oks3I,0.5
001i000000NuOK4,0.5
001i000000NuQLS,0.5
001i000000LhyQq,0.5
001i000000NuRQe,0.5
001i000000NuR1G,0.5
001i000000NuQlI,0.5
001i000000NuQHA,0.5
001i000000NuRcV,0.5
001i000000NuRam,0.5
001i000000NuP2M,0.5
001i000000c1okK,0.5
001i000000NuO17,0.5
001i000000NuQ1B,0.5
001i000000NuPvd,0.5
001i000000NuQyD,0.5
001i000000NuO42,0.5
001i000000NuPkX,0.5
001i000000NuP1V,0.5
001i000000NuNoe,0.5
001i000000NuOgR,0.5
001i000000NuONo,0.5
001i000000NuRGm,0.5
001i000000NuQKU,0.5
001i000000Nu8bK,0.5
001i000000NuPml,0.5
001i000000oks4H,0.5
001i000000NuNuk,0.5
001i000000NuOYO,0.5
001i000000NuQOK,0.5
001i000000NuPPA,0.5
001i000000NuO8d,0.5
001i000000NuRq0,0.5
001i000000MKXgY,0.5
001i000000q7wAs,0.5
001i000000NuR34,0.5
001i000000NuQur,0.5
001i000000NuP96,0.5
001i000000NuONd,0.5
001i000000NuNOz,0.5
001i000000NuR27,0.5
001i000000NuQ7Z,0.5
001i000000NuO1z,0.5
001i000000NuPiB,0.5
001i000000NuPIz,0.5
001i000000LhySl,0.5
001i000000oks1P,0.5
001i000000NuQPc,0.5
001i000000NuPh7,0.5
001i000000NuO2g,0.5
001i000000NuQQW,0.5
001i000000NuOhT,0.5
001i000000NuQSg,0.5
001i000000LhyQQ,0.5
001i000000NuRcr,0.5
001i000000Lhycw,0.5
001i000000NuOOn,0.5
001i000000NuP4s,0.5
001i000000NuRhF,0.5
001i000000LhyaU,0.5
001i000000NuNzB,0.5
001i000000NuRJy,0.5
001i000000NuRWE,0.5
001i000000NuQCK,0.5
001i000000NuRjH,0.5
001i000000NuOd4,0.5
001i000000NuQoW,0.5
001i000000NuQcF,0.5
001i000000NuPsL,0.5
001i000000NuNaB,0.5
001i000000NuP6D,0.5
001i000000LhyPg,0.5
001i000000NuPR5,0.5
001i000000NuNxd,0.5
001i000000NuPvF,0.5
001i000000NuOOD,0.5
001i000000NuRQc,0.5
001i000000NuRUP,0.5
001i000000NuNjA,0.5
001i000000NuQiu,0.5
001i000000NuQlh,0.5
001i000000MJzYI,0.5
001i000000NuQrT,0.5
001i000000NuQ25,0.5
001i000000NuO09,0.5
001i000000MJzTf,0.5
001i000000NuNR0,0.5
001i000000NuPqJ,0.5
001i000000NuQov,0.5
001i000000NuNbY,0.5
001i000000NuPm3,0.5
001i000000NuR29,0.5
001i000000NuNex,0.5
001i000000NuNg6,0.5
001i000000NuRWC,0.5
001i000000NuPG0,0.5
001i000000NuOlG,0.5
001i000000NuRgs,0.5
001i000000NuPtO,0.5
001i000000NuQ7p,0.5
001i000000NuPq3,0.5
001i000000NuO4N,0.5
001i000000NuNjp,0.5
001i000000NuQQf,0.5
001i000000NuOEE,0.5
001i000000NuR42,0.5
001i000000N1vVP,0.5
001i000000NuQn9,0.5
001i000000NuNvP,0.5
001i000000NuNdv,0.5
001i000000NuNy1,0.5
001i000000NuOup,0.5
001i000000NuOke,0.5
001i000000NuS1O,0.5
001i000000NuOxg,0.5
001i000000NuQcr,0.5
001i000000NuRpd,0.5
001i000000q7wAy,0.5
001i000000NuOqV,0.5
001i000000NuQXj,0.5
001i000000NuQ02,0.5
001i000000NuP6N,0.5
001i000000NuPAZ,0.5
001i000000NuOQP,0.5
001i000000NuRmQ,0.5
001i000000NuPrX,0.5
001i000000NuOm7,0.5
001i000000NuRcB,0.5
001i000000NuS7O,0.5
001i000000NuSpT,0.5
001i000000LhySk,0.5
001i000000NuQid,0.5
001i000000NuQ2H,0.5
001i000000NuQYO,0.5
001i000000NuPZu,0.5
001i000000NuPx5,0.5
001i000000NuRii,0.5
001i000000NuOOQ,0.5
001i000000NuNVq,0.5
001i000000Lhybm,0.5
001i000000LhyQY,0.5
001i000000NuS5X,0.5
001i000000NuQWm,0.5
001i000000NuOBf,0.5
001i000000NuOFA,0.5
001i000000NuNr2,0.5
001i000000NuPBs,0.5
001i000000NuQP7,0.5
001i000000NuR22,0.5
001i000000NuQ7v,0.5
001i000000NuOiP,0.5
001i000000NuQ67,0.5
001i000000NuNWg,0.5
001i000000NuQ97,0.5
001i000000Lhydu,0.5
001i000000NuNys,0.5
001i000000NuOlD,0.5
001i000000NuRgg,0.5
001i000000bUKYA,0.5
001i000000MKXh3,0.5
001i000000NuNcg,0.5
001i000000NuPWn,0.5
001i000000NuRfB,0.5
001i000000NuNjb,0.5
001i000000NuRdm,0.5
001i000000NuOXi,0.5
001i000000MJzaT,0.5
001i000000NuPdi,0.5
001i000000NuQGh,0.5
001i000000NuOFC,0.5
001i000000NuQzy,0.5
001i000000NuRHO,0.5
001i000000NuRY7,0.5
001i000000NuQVC,0.5
001i000000NuPzb,0.5
001i000000NuPiH,0.5
001i000000NuQke,0.5
001i000000NuOTg,0.5
001i000000oks4K,0.5
001i000000NuQig,0.5
001i000000NuPVp,0.5
001i000000Li95W,0.5
001i000000NuS0d,0.5
001i000000NuR9A,0.5
001i000000NuQ6R,0.5
001i000000NuRJw,0.5
001i000000em8yI,0.5
001i000000NuNt0,0.5
001i000000NuR81,0.5
001i000000NuONY,0.5
001i000000NuS3H,0.5
001i000000NuPQn,0.5
001i000000NuOZo,0.5
001i000000NuPv5,0.5
001i000000NuPLr,0.5
001i000000LhyYL,0.5
001i000000MJzWF,0.5
001i0000017bRZD,0.5
001i000000NuO1X,0.5
001i000000NuRCx,0.5
001i000000NuNkB,0.5
001i000000NuPRT,0.5
001i000000NuPAI,0.5
001i000000NuOug,0.5
001i000000NuOym,0.5
001i000000NuNyt,0.5
001i000000NuPXs,0.5
001i000000NuRis,0.5
001i000000LhyXK,0.5
001i000000NuRjB,0.5
001i000000NuO3G,0.5
001i000000NuO7h,0.5
001i000000NuO1V,0.5
001i000000NuRY3,0.5
001i000000NuOmz,0.5
001i000000NuNla,0.5
001i000000NuO72,0.5
001i000000aUDjp,0.5
001i000000NuQF3,0.5
001i000000NuQ6D,0.5
001i000000NuNsU,0.5
001i000000NuNi7,0.5
001i000000NuRtv,0.5
001i000000NuRKJ,0.5
001i000000NuOLb,0.5
001i000000NuR9m,0.5
001i000000NuQ1j,0.5
001i000000NuR4L,0.5
001i000000NuOqu,0.5
001i000000NuSoS,0.5
001i000000NuQ27,0.5
001i000000NuQ6M,0.5
001i000000NuRUD,0.5
001i000000NuNar,0.5
001i000000NuRMX,0.5
001i000000NuNuy,0.5
001i000000NuRb0,0.5
001i000000NuPeg,0.5
001i000000NuPAA,0.5
001i000000NuPhl,0.5
001i000000NuROG,0.5
001i000000LhyR8,0.5
001i000000NuR3V,0.5
001i000000NuQye,0.5
001i000000NuRC7,0.5
001i000000NuPAQ,0.5
001i000000NuNVc,0.5
001i000000NuQUc,0.5
001i000000NuQEa,0.5
001i000000oks4g,0.5
001i000000NuQQT,0.5
001i000000NuPHD,0.5
001i000000NuOZT,0.5
001i000000NuQOM,0.5
001i000000NuRsV,0.5
001i000000NuPFa,0.5
001i000000NuOci,0.5
001i000000NuNyc,0.5
001i000000NuQmJ,0.5
001i000000NuQ4d,0.5
001i000000NuNYA,0.5
001i000000NuQNF,0.5
001i000000NuOH6,0.5
001i000000NuOgC,0.5
001i000000NuRXj,0.5
001i000000NuNuw,0.5
001i000000cESU8,0.5
001i000000Lhybt,0.5
001i000000NuRk8,0.5
001i000000NuQ5w,0.5
001i000000NuNjj,0.5
001i000000NuPOZ,0.5
001i000000NuR90,0.5
001i000000NuPp3,0.5
001i000000NuPnB,0.5
001i000000NuRXt,0.5
001i000000NuS5q,0.5
001i000000NuOBo,0.5
001i000000NuRgS,0.5
001i000000NuPge,0.5
001i000000NuQAn,0.5
001i000000MJzX1,0.5
001i000000NuRSp,0.5
001i000000NuS6y,0.5
001i000000NuNuS,0.5
001i000000LhyXS,0.5
001i000000oks2J,0.5
001i000000NuOVN,0.5
001i000000NuRPH,0.5
001i000000NuOqB,0.5
001i000000NuNxH,0.5
001i000000NuNXf,0.5
001i000000NuR5j,0.5
001i000000NuOgr,0.5
001i000000NuRps,0.5
001i000000NuRkg,0.5
001i000000oks3t,0.5
001i000000NuPOF,0.5
001i000000NuPQM,0.5
001i000000NuPhW,0.5
001i000000NuP5t,0.5
001i000000NuQIv,0.5
001i000000NuRaz,0.5
001i000000NuOTq,0.5
001i000000NuR0J,0.5
001i000000NuO1B,0.5
001i000000NuRa5,0.5
001i000000NuPBO,0.5
001i000000NuNvD,0.5
001i000000NuRyH,0.5
001i000000NuNzs,0.5
001i000000NuRcX,0.5
001i000000NuRqP,0.5
001i000000NuNqo,0.5
001i000000NuQa6,0.5
001i000000NuNgf,0.5
001i000000NuRTI,0.5
001i000000NuQvy,0.5
001i000000NuNZ7,0.5
001i000000NuNvF,0.5
001i000000NuQe6,0.5
001i000000NuPyO,0.5
001i000000NuPMS,0.5
001i000000NuOyT,0.5
001i000000NuQ5D,0.5
001i000000NuS0w,0.5
001i000000Li95u,0.5
001i000000NuQca,0.5
001i000000Lhyaa,0.5
001i000000NuRFH,0.5
001i000000NuSA1,0.5
001i000000NuRCP,0.5
001i000000NuPxc,0.5
001i000000Lhyc0,0.5
001i000000NuQ3G,0.5
001i000000NuNsH,0.5
001i000000NuPvg,0.5
001i000000NuQxc,0.5
001i000000NuPo1,0.5
001i000000NuPDs,0.5
001i000000NuNwC,0.5
001i000000NuQpL,0.5
001i000000NuOzR,0.5
001i000000NuPjn,0.5
001i000000NuQmD,0.5
001i000000NuNtw,0.5
001i000000NuQq7,0.5
001i000000LhyUt,0.5
001i000000Li94v,0.5
001i000000NuRR3,0.5
001i000000NuPHd,0.5
001i000000NuQzq,0.5
001i000000NuPw3,0.5
001i000000NuQCl,0.5
001i000000NuPJV,0.5
001i000000NuQMZ,0.5
001i000000NuOTG,0.5
001i000000NuP57,0.5
001i000000NuPDw,0.5
001i000000NuNot,0.5
001i000000NuNz2,0.5
001i000000NuRhV,0.5
001i000000oks15,0.5
001i000000NuRyC,0.5
001i000000NuRe5,0.5
001i000000NuR35,0.5
001i000000NuPTh,0.5
001i000000NuQd9,0.5
001i000000NuOgq,0.5
001i000000NuOnQ,0.5
001i000000MJzXx,0.5
001i000000NuOqW,0.5
001i000000NuQby,0.5
001i000000NuOrN,0.5
001i000000NuPaR,0.5
001i000000NuP1E,0.5
001i000000NuQme,0.5
001i000000NuONV,0.5
001i000000NuRg4,0.5
001i000000MJzVT,0.5
001i000000Lhydh,0.5
001i000000NuPVz,0.5
001i000000LhyTd,0.5
001i000000ZtSFb,0.5
001i000000NuQpD,0.5
001i000000NuOET,0.5
001i000000NuNbK,0.5
001i000000NuNiw,0.5
001i000000NuQyL,0.5
001i000000NuPfK,0.5
001i000000NuQTq,0.5
001i000000NuSpg,0.5
001i000000Li95k,0.5
001i000000NuPHN,0.5
001i000000NuOSu,0.5
001i000000NuNYc,0.5
001i000000NuQAb,0.5
001i000000NuPNe,0.5
001i000000NuPPi,0.5
001i000000P5kd2,0.5
001i000000NuQfm,0.5
001i000000NuRcS,0.5
001i000000NuOFi,0.5
001i000000NuPP8,0.5
001i000000NuOfJ,0.5
001i000000NuQRs,0.5
001i000000NuQmU,0.5
001i000000LhyWz,0.5
001i000000NuQv5,0.5
001i000000NuRdO,0.5
001i000000NuQMC,0.5
001i000000NuQtW,0.5
001i000000NuPX1,0.5
001i000000NuNVy,0.5
001i000000NuOyG,0.5
001i000000NuODn,0.5
001i000000NuPMc,0.5
001i000000NuNfi,0.5
001i000000LhyWb,0.5
001i000000NuOYp,0.5
001i000000NuSoW,0.5
001i000000NuRGV,0.5
001i000000NuSAF,0.5
001i000000NuPTH,0.5
001i000000NuRUF,0.5
001i000000NuPHQ,0.5
001i000000LhyTy,0.5
001i000000NuQkD,0.5
001i000000NuPCq,0.5
001i000000NuRlj,0.5
001i000000NuOBF,0.5
001i000000NuRDn,0.5
001i000000NuN7r,0.5
001i000000eltWp,0.5
001i000000NuNxR,0.5
001i000000Li95g,0.5
001i000000NuRIi,0.5
001i000000NuP6X,0.5
001i000000NuNdO,0.5
001i000000NuOEe,0.5
001i000000NuO4a,0.5
001i000000NuR4k,0.5
001i000000Zt6yh,0.5
001i000000NuRhv,0.5
001i000000NuPci,0.5
001i000000NuP7h,0.5
001i000000NuQwD,0.5
001i000000NuQPg,0.5
001i000000NuQ38,0.5
001i000000NuQzN,0.5
001i000000NuPMN,0.5
001i000000MJzYj,0.5
001i000000NuQRG,0.5
001i000000NuQ4Y,0.5
001i000000NuRQH,0.5
001i000000NuPoc,0.5
001i000000NuS6U,0.5
001i000000NuOsC,0.5
001i000000LhyYY,0.5
001i000000NuO7C,0.5
001i000000NuOI1,0.5
001i000000NuNdb,0.5
001i000000NuOSY,0.5
001i000000MJzWQ,0.5
001i000000LhyVc,0.5
001i000000NuOHD,0.5
001i000000LhyRY,0.5
001i000000MJzYX,0.5
001i000000NuRO3,0.5
001i000000NuQtA,0.5
001i000000NuQM8,0.5
001i000000NuRdS,0.5
001i000000oks27,0.5
001i000000NuQJ4,0.5
001i000000LhyQh,0.5
001i000000MJzYr,0.5
001i000000NuR5r,0.5
001i000000NuOkc,0.5
001i000000NuPyE,0.5
001i000000NuPz9,0.5
001i000000MJzZW,0.5
001i000000NuOHF,0.5
001i000000NuRiK,0.5
001i000000LhydS,0.5
001i000000NuO7B,0.5
001i000000NuOBC,0.5
001i000000NuOGC,0.5
001i000000MJzYZ,0.5
001i000000NuOwc,0.5
001i000000NuRZ6,0.5
001i000000NuNWR,0.5
001i000000NuPtD,0.5
001i000000LhyRV,0.5
001i000000NuRxY,0.5
001i000000NuOej,0.5
001i000000NuPkt,0.5
001i000000NuOmX,0.5
001i000000NuRir,0.5
001i000000NuOut,0.5
001i000000MJzXV,0.5
001i000000NuOoM,0.5
001i000000NuPRp,0.5
001i000000NuPdn,0.5
001i000000NuS7L,0.5
001i000000NuNvB,0.5
001i000000NuP5U,0.5
001i000000NuO3T,0.5
001i000000NuOmT,0.5
001i000000NuOAl,0.5
001i000000NuSpb,0.5
001i000000NuPA4,0.5
001i000000NuPVL,0.5
001i000000NuQle,0.5
001i000000sunvd,0.5
001i000000LhyRN,0.5
001i000000NuPbl,0.5
001i000000NuRFF,0.5
001i000000N1vVp,0.5
001i000000NuQa3,0.5
001i000000NuRPm,0.5
001i000000NuNqa,0.5
001i000000NuQ6k,0.5
001i000000NuRL4,0.5
001i000000NuPyh,0.5
001i000000NuPzJ,0.5
001i000000NuS8e,0.5
001i000000NuQpu,0.5
001i000000NuQMc,0.5
001i000000NuP3b,0.5
001i000000NuNWj,0.5
001i000000NuRMw,0.5
001i000000NuPCP,0.5
001i000000NuQmm,0.5
001i000000NuNl8,0.5
001i000000NuRBI,0.5
001i000000NuQHh,0.5
001i000000NuOpe,0.5
001i000000NuQOA,0.5
001i000000NuOek,0.5
001i000000NuOhG,0.5
001i000000NuPc6,0.5
001i000000NuR9T,0.5
001i000000NuRYu,0.5
001i000000NuQWQ,0.5
001i000000NuR4d,0.5
001i000000oks1r,0.5
001i000000NuRF5,0.5
001i000000NuP6C,0.5
001i000000NuPDg,0.5
001i000000NuPBd,0.5
001i000000LhyQv,0.5
001i000000NuQjz,0.5
001i000000NuNzw,0.5
001i000000NuOrt,0.5
001i000000NuP6V,0.5
001i000000NuP11,0.5
001i000000NuO1l,0.5
001i000000NuO6K,0.5
001i000000NuPW7,0.5
001i000000NuRLL,0.5
001i000000NuPmF,0.5
001i000000NuOdm,0.5
001i000000NuO4l,0.5
001i000000NuR3s,0.5
001i000000NuRcp,0.5
001i000000NuQaF,0.5
001i000000NuPkN,0.5
001i000000NuRCy,0.5
001i000000NuPhs,0.5
001i000000NuRb8,0.5
001i000000NuOpM,0.5
001i000000NuQE4,0.5
001i000000NuQJS,0.5
001i000000NuPz4,0.5
001i000000dW8Gx,0.5
001i000000NuRHb,0.5
001i000000NuQGE,0.5
001i000000NuQwY,0.5
001i000000NuPm4,0.5
001i000000NuQh7,0.5
001i000000MJzWm,0.5
001i000000NuRHm,0.5
001i000000MJzVR,0.5
001i000000NuPd7,0.5
001i000000NuOPc,0.5
001i000000NuNga,0.5
001i000000NuQ7h,0.5
001i000000NuOKJ,0.5
001i000000NuNxo,0.5
001i000000NuPOX,0.5
001i000000NuQpP,0.5
001i000000NuNcI,0.5
001i000000NuPkD,0.5
001i000000Lhyb1,0.5
001i000000NuQNS,0.5
001i000000NuOkb,0.5
001i000000NuNYS,0.5
001i000000NuRJa,0.5
001i000000NuRUM,0.5
001i000000aUDw5,0.5
001i000000NuO92,0.5
001i000000NuQ1u,0.5
001i000000NuPER,0.5
001i000000bUJa6,0.5
001i000000NuQ5T,0.5
001i000000NuPHU,0.5
001i000000oks21,0.5
001i000000NuQKJ,0.5
001i000000NuNnp,0.5
001i000000NuRAK,0.5
001i000000NuP6i,0.5
001i000000NuNeL,0.5
001i000000NuS9P,0.5
001i000000NuOC1,0.5
001i000000NuNme,0.5
001i000000NuQFw,0.5
001i000000LhyWh,0.5
001i000000NuRo7,0.5
001i000000NuRka,0.5
001i000000NuQ7r,0.5
001i000000NuQzk,0.5
001i000000NuPQp,0.5
001i000000NuOKM,0.5
001i000000NuP35,0.5
001i000000NuPSL,0.5
001i000000LhyYP,0.5
001i000000NuPZC,0.5
001i000000NuPy7,0.5
001i000000LhySv,0.5
001i000000Li857,0.5
001i000000NuNkE,0.5
001i000000NuRF7,0.5
001i000000NuQU0,0.5
001i000000NuQad,0.5
001i000000NuNvb,0.5
001i000000NuO35,0.5
001i000000NuP1h,0.5
001i000000NuQHO,0.5
001i000000NuR2F,0.5
001i000000NuO7k,0.5
001i000000NuQmT,0.5
001i000000NuQf1,0.5
001i000000NuQkt,0.5
001i000000NuOIr,0.5
001i000000NuR4f,0.5
001i000000NuR7A,0.5
001i000000NuPbO,0.5
001i000000NuRNL,0.5
001i000000MJzVx,0.5
001i000000NuOoI,0.5
001i000000NuPZT,0.5
001i000000NuRVN,0.5
001i000000NuROB,0.5
001i000000NuPQ1,0.5
001i000000NuNru,0.5
001i000000NuOqX,0.5
001i000000NuP1B,0.5
001i000000NuP4g,0.5
001i000000NuQkT,0.5
001i0000018BZUr,0.5
001i000000NuOV3,0.5
001i000000Li955,0.5
001i000000NuQey,0.5
001i000000NuQSc,0.5
001i000000NuQ9Y,0.5
001i000000NuSAQ,0.5
001i000000NuNZa,0.5
001i000000NuOTO,0.5
001i000000NuRft,0.5
001i000000NuS1K,0.5
001i000000NuOwl,0.5
001i000000NuP6F,0.5
001i000000NuR2n,0.5
001i000000NuRYn,0.5
001i000000NuOUb,0.5
001i000000NuQBm,0.5
001i000000NuO96,0.5
001i000000NuOTo,0.5
001i000000NuPx9,0.5
001i000000NuNkx,0.5
001i000000MJzWf,0.5
001i000000NuQOV,0.5
001i000000NuRjp,0.5
001i000000NuO1O,0.5
001i000000NuP37,0.5
001i000000NuQiz,0.5
001i000000NuROc,0.5
001i000000NuOLV,0.5
001i000000NuNuG,0.5
001i000000NuR6P,0.5
001i000000NuR8y,0.5
001i000000NuPdT,0.5
001i000000NuNaW,0.5
001i000000NuNcJ,0.5
001i000000NuONZ,0.5
001i000000NuQot,0.5
001i000000NuO6h,0.5
001i000000NuRnE,0.5
001i000000NuPBG,0.5
001i000000NuR3E,0.5
001i000000NuNqG,0.5
001i000000NuRbu,0.5
001i000000Li95T,0.5
001i000000NuPam,0.5
001i000000NuQeh,0.5
001i000000NuQjH,0.5
001i000000NuOvN,0.5
001i000000NuR3W,0.5
001i000000oks2W,0.5
001i000000NuRFx,0.5
001i000000NuPz7,0.5
001i000000NuQer,0.5
001i000000NuOvu,0.5
001i000000NuR4b,0.5
001i000000NuQp3,0.5
001i000000LhyTN,0.5
001i000000NuRlr,0.5
001i000000NuOZq,0.5
001i000000LhyUz,0.5
001i000000NuNt1,0.5
001i000000MJzVE,0.5
001i000000NuOyJ,0.5
001i000000NuNlW,0.5
001i000000NuR7h,0.5
001i000000NuRGA,0.5
001i000000NuQV7,0.5
001i000000NuQX2,0.5
001i000000NuPHf,0.5
001i000000NuOhW,0.5
001i000000em8pf,0.5
001i000000NuQXP,0.5
001i000000NuPia,0.5
001i000000NuRBY,0.5
001i000000NuQqR,0.5
001i000000NuNhP,0.5
001i000000NuNdS,0.5
001i000000MJzTo,0.5
001i000000NuOHm,0.5
001i000000NuQcu,0.5
001i000000NuNhu,0.5
001i000000NuQah,0.5
001i000000NuRng,0.5
001i000000LhyaZ,0.5
001i000000NuQvz,0.5
001i000000NuR5y,0.5
001i000000NuRyE,0.5
001i000000NuOj6,0.5
001i000000NuQZO,0.5
001i000000NuNog,0.5
001i000000NuR9M,0.5
001i000000cCHx7,0.5
001i000000NuP9a,0.5
001i000000NuRCT,0.5
001i000000NuOad,0.5
001i000000NuP7Q,0.5
001i000000MKXh1,0.5
001i000000NuO6i,0.5
001i000000NuPvi,0.5
001i000000NuS3a,0.5
001i000000NuO9j,0.5
001i000000LhyaW,0.5
001i000000NuOfV,0.5
001i000000NuPsk,0.5
001i000000NuO6Q,0.5
001i000000NuQZ6,0.5
001i000000NuQDr,0.5
001i000000NuPM7,0.5
001i000000NuPac,0.5
001i000000NuRzO,0.5
001i000000NuPpP,0.5
001i000000NuRJX,0.5
001i000000NuRI3,0.5
001i000000NuQXX,0.5
001i000000NuQnN,0.5
001i000000NuOdu,0.5
001i000000NuOOZ,0.5
001i000000NuO4C,0.5
001i000000NuNdJ,0.5
001i000000NuOml,0.5
001i000000NuO0G,0.5
001i000000NuRia,0.5
001i000000NuOqr,0.5
001i000000NuQhG,0.5
001i000000NuNlv,0.5
001i000000NuRO0,0.5
001i000000MJzUX,0.5
001i000000NuOfZ,0.5
001i000000LhySy,0.5
001i000000LhyUD,0.5
001i000000NuO18,0.5
001i000000NuREv,0.5
001i000000NuOlq,0.5
001i000000NuNcp,0.5
001i000000NuOfW,0.5
001i000000NuP2D,0.5
001i000000NuPuU,0.5
001i000000NuQBK,0.5
001i000000NuOkh,0.5
001i000000NuOyz,0.5
001i000000NuOK2,0.5
001i000000NuRbX,0.5
001i000000NuOvs,0.5
001i000000NuPuO,0.5
001i000000NuQxh,0.5
001i000000NuNm1,0.5
001i000000NuO0k,0.5
001i000000oks2j,0.5
001i000000NuOba,0.5
001i000000NuOql,0.5
001i000000MJzUo,0.5
001i000000NuRj2,0.5
001i000000NuOEV,0.5
001i000000NuQLu,0.5
001i000000NuPCY,0.5
001i000000NuNtW,0.5
001i000000NuQY9,0.5
001i000000NuRCv,0.5
001i000000NuQsh,0.5
001i000000NuNhZ,0.5
001i000000NuOaz,0.5
001i000000NuRda,0.5
001i000000Lhyce,0.5
001i000000NuNtk,0.5
001i000000NuRPy,0.5
001i000000NuQfz,0.5
001i000000NuSon,0.5
001i000000NuQz5,0.5
001i000000NuRsJ,0.5
001i000000NuPMD,0.5
001i000000NuQL9,0.5
001i000000NuQVH,0.5
001i000000NuOXJ,0.5
001i000000NuPGT,0.5
001i000000MJzVZ,0.5
001i000000NuOw5,0.5
001i000000NuRzv,0.5
001i000000NuOAP,0.5
001i000000NuP3n,0.5
001i000000NuQeu,0.5
001i000000NuQWO,0.5
001i000000NuQ3R,0.5
001i000000NuOeD,0.5
001i000000NuQZs,0.5
001i000000MJza1,0.5
001i000000NuRyU,0.5
001i000000NuOcu,0.5
001i000000NuRfK,0.5
001i000000NuNXm,0.5
001i000000NuP4r,0.5
001i000000NuNsd,0.5
001i000000NuPGl,0.5
001i000000NuQog,0.5
001i000000LhydI,0.5
001i000000NuQHQ,0.5
001i000000NuRAi,0.5
001i000000NuQ5r,0.5
001i000000NuNkt,0.5
001i000000NuPbh,0.5
001i000000NuOsD,0.5
001i000000NuPqi,0.5
001i000000NuR7P,0.5
001i000000NuOsq,0.5
001i000000NuQkI,0.5
001i000000NuS2C,0.5
001i000000NuPn6,0.5
001i000000NuR8V,0.5
001i000000NuNgC,0.5
001i000000NuQY0,0.5
001i000000NuQCM,0.5
001i000000N1vMU,0.5
001i000000NuRGi,0.5
001i000000NuNdi,0.5
001i000000NuPgI,0.5
001i000000NuPVD,0.5
001i000000MJzap,0.5
001i000000NuQFd,0.5
001i000000NuOCg,0.5
001i000000NuNYY,0.5
001i000000NuQA8,0.5
001i000000NuPUj,0.5
001i000000NuRGh,0.5
001i000000NuOL3,0.5
001i000000NuOd9,0.5
001i000000LhybW,0.5
001i000000NuPZ6,0.5
001i000000NuOKH,0.5
001i000000NuQOX,0.5
001i000000NuPYz,0.5
001i000000NuR3I,0.5
001i000000LhyYF,0.5
001i000000NuNzV,0.5
001i000000NuRIf,0.5
001i000000NuRNI,0.5
001i000000NuO14,0.5
001i000000aUDyF,0.5
001i000000NuRSd,0.5
001i000000NuQOp,0.5
001i000000NuRrJ,0.5
001i000000NuQQI,0.5
001i000000NuOkJ,0.5
001i000000NuNSJ,0.5
001i000000NuPA5,0.5
001i000000NuQZi,0.5
001i000000NuOKL,0.5
001i000000NuPT5,0.5
001i000000oks38,0.5
001i000000NuOvp,0.5
001i000000NuRLt,0.5
001i000000NuOnD,0.5
001i000000NuSod,0.5
001i000000NuOjm,0.5
001i000000NuRla,0.5
001i000000NuNVz,0.5
001i000000NuOWO,0.5
001i000000NuNx0,0.5
001i000000NuOwX,0.5
001i000000NuOhp,0.5
001i000000NuRZC,0.5
001i000000NuPWE,0.5
001i000000NuRNb,0.5
001i000000aTTlu,0.5
001i000000NuPdR,0.5
001i000000NuPVu,0.5
001i000000NuRqf,0.5
001i000000NuPPZ,0.5
001i000000NuPAO,0.5
001i000000NuQc5,0.5
001i000000NuRix,0.5
001i000000NuQsq,0.5
001i000000NuPpK,0.5
001i000000NuNs2,0.5
001i000000NuQcG,0.5
001i000000NuQyK,0.5
001i000000NuPse,0.5
001i000000NuOmQ,0.5
001i000000NuS9O,0.5
001i000000NuPwY,0.5
001i000000NuNb1,0.5
001i000000NuOGl,0.5
001i000000NuPio,0.5
001i000000NuPf7,0.5
001i000000LhyVt,0.5
001i000000NuOTC,0.5
001i000000NuNxN,0.5
001i000000NuNuT,0.5
001i000000NuPzC,0.5
001i000000NuSpU,0.5
001i000000NuQLF,0.5
001i000000NuR6o,0.5
001i000000NuOe0,0.5
001i000000NuPMa,0.5
001i000000NuOJZ,0.5
001i000000NuQnJ,0.5
001i000000NuOM6,0.5
001i000000oks12,0.5
001i000000NuRl7,0.5
001i000000NuR6N,0.5
001i000000NuNgK,0.5
001i000000NuR1I,0.5
001i000000NuPeh,0.5
001i000000NuQO2,0.5
001i000000NuQt5,0.5
001i000000NuQvw,0.5
001i000000NuNWo,0.5
001i000000NuQh8,0.5
001i000000NuQU9,0.5
001i000000NuQY3,0.5
001i000000NuRKf,0.5
001i000000NuQ1V,0.5
001i000000em0X4,0.5
001i000000NuOTF,0.5
001i000000NuOgH,0.5
001i000000NuRDG,0.5
001i000000NuOTz,0.5
001i000000NuQcW,0.5
001i000000NuQFR,0.5
001i000000NuR3Y,0.5
001i000000NuRwV,0.5
001i000000NuQnh,0.5
001i000000NuQkQ,0.5
001i000000Li94P,0.5
001i000000NuPdY,0.5
001i000000NuRbd,0.5
001i000000NuPLC,0.5
001i000000NuQ0d,0.5
001i000000NuOpj,0.5
001i000000NuOgM,0.5
001i000000NuONF,0.5
001i000000NuOwK,0.5
001i000000NuNte,0.5
001i000000NuS5O,0.5
001i000000NuPL8,0.5
001i000000NuQB2,0.5
001i000000NuRjl,0.5
001i000000NuNyz,0.5
001i000000LhyQa,0.5
001i000000NuNc1,0.5
001i000000NuNwN,0.5
001i000000NuPEf,0.5
001i000000NuNeu,0.5
001i000000NuQe5,0.5
001i000000em0YR,0.5
001i000000NuQTc,0.5
001i000000NuQIZ,0.5
001i000000NuRNn,0.5
001i000000NuQBk,0.5
001i000000LhyUs,0.5
001i000000NuQOd,0.5
001i000000NuS9Y,0.5
001i000000NuPIC,0.5
001i000000LhyY4,0.5
001i000000NuPKX,0.5
001i000000NuRfr,0.5
001i000000NuQ23,0.5
001i000000NuRBv,0.5
001i000000Li959,0.5
001i000000NuOuF,0.5
001i000000NuRf1,0.5
001i000000NuRXO,0.5
001i000000NuPEA,0.5
001i000000NuRVU,0.5
001i000000NuRFJ,0.5
001i000000NuPNC,0.5
001i000000NuOjW,0.5
001i000000NuOv8,0.5
001i000000NuOAG,0.5
001i000000MJzWD,0.5
001i000000NuOCw,0.5
001i000000NuPQk,0.5
001i000000NuO2e,0.5
001i000000NuPsT,0.5
001i000000NuO9p,0.5
001i000000NuOrH,0.5
001i000000NuR3H,0.5
001i000000NuNuo,0.5
001i000000NuRl5,0.5
001i000000NuOTe,0.5
001i000000NuQU6,0.5
001i000000NuPoB,0.5
001i000000NuPs1,0.5
001i000000aUDxW,0.5
001i000000NuNwn,0.5
001i000000NuRqw,0.5
001i000000NuQj1,0.5
001i000000NuOsV,0.5
001i000000NuOEQ,0.5
001i000000NuPMn,0.5
001i000000NuQ7G,0.5
001i000000NuQm3,0.5
001i000000NuNqQ,0.5
001i000000NuR3e,0.5
001i000000NuNTX,0.5
001i000000NuPvW,0.5
001i000000NuO0o,0.5
001i000000NuO7H,0.5
001i000000NuOIy,0.5
001i000000NuNZL,0.5
001i000000oks20,0.5
001i000000NuQIY,0.5
001i000000NuOMh,0.5
001i000000NuPlU,0.5
001i000000NuPZF,0.5
001i000000NuP9r,0.5
001i000000NuPH3,0.5
001i000000NuQwo,0.5
001i000000NuPrW,0.5
001i000000NuPX2,0.5
001i000000NuNyN,0.5
001i000000NuP1k,0.5
001i000000NuQ8n,0.5
001i000000NuPjf,0.5
001i000000NuRdw,0.5
001i000000NuQKd,0.5
001i000000NuRX1,0.5
001i000000NuS6M,0.5
001i000000NuOXO,0.5
001i000000NuQ8Y,0.5
001i000000MJzbk,0.5
001i000000NuRdt,0.5
001i000000NuOdr,0.5
001i000000NuOwT,0.5
001i000000NuQRP,0.5
001i000000NuQaJ,0.5
001i000000NuRCi,0.5
001i000000NuPzi,0.5
001i000000NuQ3S,0.5
001i000000NuNqk,0.5
001i000000LiKyq,0.5
001i000000NuOC7,0.5
001i000000NuNy5,0.5
001i000000NuQWo,0.5
001i000000NuQ1e,0.5
001i000000NuPv7,0.5
001i000000NuRld,0.5
001i000000NuOWH,0.5
001i000000NuP1N,0.5
001i000000NuRCF,0.5
001i000000NuQEO,0.5
001i000000NuQjh,0.5
001i000000NuOwW,0.5
001i000000NuNYw,0.5
001i000000NuQNX,0.5
001i000000NuPBi,0.5
001i000000NuQ1Z,0.5
001i000000NuRz2,0.5
001i000000NuRyb,0.5
001i000000NuP3e,0.5
001i000000NuNtn,0.5
001i000000NuRQW,0.5
001i000000NuRlN,0.5
001i000000NuQYh,0.5
001i000000NuOJg,0.5
001i000000NuObP,0.5
001i000000NuPnV,0.5
001i000000NuQDU,0.5
001i000000NuPx7,0.5
001i000000NuPTZ,0.5
001i000000LhyZo,0.5
001i000000NuOos,0.5
001i000000NuPLU,0.5
001i000000NuPJN,0.5
001i000000NuQkH,0.5
001i000000NuNu0,0.5
001i000000NuNVb,0.5
001i000000NuQrY,0.5
001i000000NuPmN,0.5
001i000000NuPfA,0.5
001i000000NuRXc,0.5
001i000000NuPCi,0.5
001i000000NuQxn,0.5
001i000000NuRJL,0.5
001i000000NuRKD,0.5
001i000000NuP4L,0.5
001i000000oks2D,0.5
001i000000NuQjZ,0.5
001i000000NuQ3a,0.5
001i000000NuOc1,0.5
001i000000NuNck,0.5
001i000000NuQAA,0.5
001i000000NuOZN,0.5
001i000000NuOWf,0.5
001i000000NuOFp,0.5
001i000000NuQMN,0.5
001i000000NuPIj,0.5
001i000000NuOk3,0.5
001i000000NuR2V,0.5
001i000000NuOm9,0.5
001i000000NuOhC,0.5
001i000000NuQ6b,0.5
001i000000NuOSn,0.5
001i000000NuPTD,0.5
001i000000NuRB1,0.5
001i000000NuQSh,0.5
001i000000MJzTi,0.5
001i000000NuP5a,0.5
001i000000NuRLG,0.5
001i000000NuRO5,0.5
001i000000NuOcc,0.5
001i000000NuQGv,0.5
001i000000aTTEn,0.5
001i000000NuPr0,0.5
001i000000NuQy2,0.5
001i000000NuRjw,0.5
001i000000NuP0h,0.5
001i000000NuOuB,0.5
001i000000NuS4u,0.5
001i000000NuRzm,0.5
001i000000NuNbz,0.5
001i000000NuRWn,0.5
001i000000NuNvt,0.5
001i000000NuQXb,0.5
001i000000NuP6j,0.5
001i000000NuQIS,0.5
001i000000NuOT5,0.5
001i000000NuP76,0.5
001i000000NuNXA,0.5
001i000000NuQu9,0.5
001i000000Li96C,0.5
001i000000MJzYD,0.5
001i000000NuOHd,0.5
001i000000NuRDK,0.5
001i000000MKXga,0.5
001i000000NuORB,0.5
001i000000NuQJO,0.5
001i000000NuOvX,0.5
001i000000NuRIP,0.5
001i000000NuQpQ,0.5
001i000000NuPdU,0.5
001i000000MJzZ6,0.5
001i000000NuRNT,0.5
001i000000NuPLy,0.5
001i000000NuOtQ,0.5
001i000000NuNmy,0.5
001i000000NuOXA,0.5
001i000000NuPus,0.5
001i000000NuRWd,0.5
001i000000NuPX5,0.5
001i000000NuNYH,0.5
001i000000NuP8v,0.5
001i000000NuOlc,0.5
001i000000NuR4R,0.5
001i000000NuQED,0.5
001i000000NuNn4,0.5
001i000000NuQk6,0.5
001i000000MJzaX,0.5
001i000000NuPtL,0.5
001i000000NuNwA,0.5
001i000000NuPq4,0.5
001i000000NuQce,0.5
001i000000NuQ8R,0.5
001i000000NuPB3,0.5
001i000000NuRi6,0.5
001i000000NuQXO,0.5
001i000000aUDxH,0.5
001i000000NuPLS,0.5
001i000000NuQ8m,0.5
001i000000oks4A,0.5
001i000000NuOLe,0.5
001i000000NuPL5,0.5
001i000000NuQtg,0.5
001i000000MJzUZ,0.5
001i000000NuQHV,0.5
001i000000MJzZm,0.5
001i000000NuNrL,0.5
001i000000NuOcd,0.5
001i000000NuQBC,0.5
001i000000Lhyaj,0.5
001i000000NuQRt,0.5
001i000000NuP3y,0.5
001i000000NuRib,0.5
001i000000NuP7J,0.5
001i000000NuRJd,0.5
001i000000NuOAN,0.5